visitid,zoneid,userid,duration,entryTime,exitTime
1,1,5,88,2017-07-19 07:35,2017-07-19 09:03
2,2,14,23,2017-03-04 02:14,2017-03-04 02:37
3,3,5,75,2017-05-13 04:46,2017-05-13 06:01
4,2,10,65,2017-06-10 05:45,2017-06-10 06:50
5,1,12,11,2017-02-09 17:37,2017-02-09 17:48
6,1,8,76,2017-01-10 18:11,2017-01-10 19:27
7,2,8,16,2017-09-01 01:54,2017-09-01 02:10
8,2,9,35,2017-02-25 10:42,2017-02-25 11:17
9,3,10,69,2017-01-18 18:58,2017-01-18 20:07
10,1,14,81,2017-03-19 12:43,2017-03-19 14:04
11,2,5,33,2017-01-20 09:26,2017-01-20 09:59
12,2,7,66,2017-07-18 08:25,2017-07-18 09:31
13,2,11,58,2017-08-23 16:34,2017-08-23 17:32
14,1,14,69,2017-03-13 05:56,2017-03-13 07:05
15,2,9,57,2017-06-18 13:58,2017-06-18 14:55
16,2,5,85,2017-02-25 10:25,2017-02-25 11:50
17,3,13,32,2017-03-07 18:04,2017-03-07 18:36
18,2,13,5,2017-04-30 23:31,2017-04-30 23:36
19,2,9,29,2017-03-25 12:50,2017-03-25 13:19
20,3,13,64,2017-07-18 07:34,2017-07-18 08:38
21,2,9,12,2017-05-15 11:55,2017-05-15 12:07
22,1,11,85,2017-08-22 03:36,2017-08-22 05:01
23,2,6,53,2017-06-13 18:34,2017-06-13 19:27
24,1,11,14,2017-04-22 21:40,2017-04-22 21:54
25,2,13,59,2017-04-05 06:50,2017-04-05 07:49
26,2,11,20,2017-07-06 05:28,2017-07-06 05:48
27,3,7,87,2017-04-13 03:03,2017-04-13 04:30
28,3,8,50,2017-04-16 04:27,2017-04-16 05:17
29,2,8,46,2017-04-26 13:17,2017-04-26 14:03
30,2,9,47,2017-02-16 05:12,2017-02-16 05:59
31,3,10,70,2017-05-24 13:40,2017-05-24 14:50
32,2,13,19,2017-06-18 19:18,2017-06-18 19:37
33,1,6,23,2017-03-16 17:29,2017-03-16 17:52
34,2,12,46,2017-07-15 09:21,2017-07-15 10:07
35,3,7,57,2017-08-25 10:09,2017-08-25 11:06
36,3,13,62,2017-02-09 08:27,2017-02-09 09:29
37,1,12,48,2017-04-28 23:59,2017-04-29 00:47
38,2,8,20,2017-04-27 23:47,2017-04-28 00:07
39,2,12,46,2017-06-26 19:07,2017-06-26 19:53
40,1,6,80,2017-07-14 09:50,2017-07-14 11:10
41,3,10,54,2017-05-21 09:59,2017-05-21 10:53
42,1,6,23,2017-08-08 17:47,2017-08-08 18:10
43,1,11,11,2017-07-08 15:20,2017-07-08 15:31
44,1,14,71,2017-08-07 20:47,2017-08-07 21:58
45,2,12,11,2017-06-04 16:48,2017-06-04 16:59
46,2,8,45,2017-08-22 18:57,2017-08-22 19:42
47,3,12,66,2017-05-21 22:26,2017-05-21 23:32
48,3,14,10,2017-03-27 00:40,2017-03-27 00:50
49,2,5,72,2017-03-27 04:15,2017-03-27 05:27
50,1,6,75,2017-01-14 08:51,2017-01-14 10:06
51,1,7,74,2017-06-06 12:01,2017-06-06 13:15
52,1,9,58,2017-04-29 16:29,2017-04-29 17:27
53,3,14,85,2017-04-28 03:34,2017-04-28 04:59
54,1,8,6,2017-05-12 10:17,2017-05-12 10:23
55,1,5,83,2017-07-16 08:32,2017-07-16 09:55
56,1,9,33,2017-04-29 06:59,2017-04-29 07:32
57,1,14,52,2017-02-22 22:18,2017-02-22 23:10
58,3,8,69,2017-08-10 16:59,2017-08-10 18:08
59,2,5,85,2017-07-21 21:37,2017-07-21 23:02
60,1,12,28,2017-02-03 13:37,2017-02-03 14:05
61,2,10,77,2017-05-14 08:08,2017-05-14 09:25
62,3,8,29,2017-02-27 11:12,2017-02-27 11:41
63,2,6,52,2017-05-07 11:08,2017-05-07 12:00
64,3,6,37,2017-08-16 23:23,2017-08-17 00:00
65,1,9,30,2017-08-12 12:32,2017-08-12 13:02
66,3,11,47,2017-06-03 07:02,2017-06-03 07:49
67,3,6,68,2017-07-09 01:52,2017-07-09 03:00
68,3,6,4,2017-04-08 03:57,2017-04-08 04:01
69,3,7,2,2017-03-08 03:55,2017-03-08 03:57
70,1,9,53,2017-03-05 22:17,2017-03-05 23:10
71,1,13,45,2017-03-30 14:00,2017-03-30 14:45
72,2,14,23,2017-05-24 19:21,2017-05-24 19:44
73,1,5,38,2017-01-06 17:47,2017-01-06 18:25
74,1,14,57,2017-05-17 23:49,2017-05-18 00:46
75,2,13,67,2017-02-28 04:43,2017-02-28 05:50
76,1,10,2,2017-03-30 11:40,2017-03-30 11:42
77,3,5,68,2017-04-20 04:00,2017-04-20 05:08
78,2,13,22,2017-08-27 11:35,2017-08-27 11:57
79,2,9,15,2017-01-13 17:37,2017-01-13 17:52
80,2,5,66,2017-06-04 04:18,2017-06-04 05:24
81,2,12,37,2017-04-26 01:06,2017-04-26 01:43
82,1,9,86,2017-01-29 02:44,2017-01-29 04:10
83,1,11,44,2017-04-27 02:39,2017-04-27 03:23
84,3,13,20,2017-06-14 00:31,2017-06-14 00:51
85,1,7,81,2017-06-11 21:25,2017-06-11 22:46
86,2,11,80,2017-05-05 10:42,2017-05-05 12:02
87,1,5,41,2017-07-26 05:53,2017-07-26 06:34
88,1,13,15,2017-05-23 05:57,2017-05-23 06:12
89,2,7,76,2017-06-06 08:00,2017-06-06 09:16
90,3,11,28,2017-03-12 16:48,2017-03-12 17:16
91,2,5,15,2017-05-11 09:33,2017-05-11 09:48
92,2,5,73,2017-03-30 12:54,2017-03-30 14:07
93,2,11,62,2017-01-28 05:23,2017-01-28 06:25
94,2,5,55,2017-03-11 06:23,2017-03-11 07:18
95,3,14,86,2017-07-08 05:06,2017-07-08 06:32
96,3,14,87,2017-06-30 19:20,2017-06-30 20:47
97,3,8,3,2017-04-17 05:05,2017-04-17 05:08
98,2,10,55,2017-03-02 00:10,2017-03-02 01:05
99,2,7,54,2017-05-03 05:56,2017-05-03 06:50
100,2,11,86,2017-02-11 23:08,2017-02-12 00:34
101,3,14,65,2017-06-08 18:01,2017-06-08 19:06
102,2,6,75,2017-01-13 07:01,2017-01-13 08:16
103,2,10,73,2017-05-11 06:45,2017-05-11 07:58
104,2,14,55,2017-05-20 12:09,2017-05-20 13:04
105,3,6,50,2017-06-14 01:24,2017-06-14 02:14
106,3,7,47,2017-04-25 07:01,2017-04-25 07:48
107,1,12,58,2017-07-11 09:37,2017-07-11 10:35
108,3,5,44,2017-05-26 16:02,2017-05-26 16:46
109,3,12,29,2017-04-13 17:14,2017-04-13 17:43
110,2,6,38,2017-04-07 15:20,2017-04-07 15:58
111,1,14,44,2017-05-25 16:05,2017-05-25 16:49
112,3,5,59,2017-03-12 07:44,2017-03-12 08:43
113,1,12,3,2017-05-11 17:10,2017-05-11 17:13
114,3,13,16,2017-06-23 21:25,2017-06-23 21:41
115,2,11,78,2017-02-09 22:07,2017-02-09 23:25
116,1,13,21,2017-05-02 07:23,2017-05-02 07:44
117,3,11,57,2017-08-09 23:59,2017-08-10 00:56
118,3,10,37,2017-01-24 16:33,2017-01-24 17:10
119,2,13,2,2017-06-03 07:08,2017-06-03 07:10
120,3,6,15,2017-05-07 04:21,2017-05-07 04:36
121,2,5,6,2017-02-24 19:41,2017-02-24 19:47
122,3,10,85,2017-02-11 09:24,2017-02-11 10:49
123,2,11,56,2017-03-28 12:38,2017-03-28 13:34
124,3,8,77,2017-04-28 10:14,2017-04-28 11:31
125,1,6,17,2017-04-30 21:51,2017-04-30 22:08
126,1,12,65,2017-05-17 16:41,2017-05-17 17:46
127,2,14,87,2017-05-02 04:41,2017-05-02 06:08
128,2,10,58,2017-07-16 18:45,2017-07-16 19:43
129,2,8,3,2017-04-02 22:44,2017-04-02 22:47
130,3,11,14,2017-05-22 01:02,2017-05-22 01:16
131,2,10,5,2017-07-18 12:10,2017-07-18 12:15
132,3,9,48,2017-05-21 08:15,2017-05-21 09:03
133,1,9,36,2017-03-28 16:50,2017-03-28 17:26
134,2,14,62,2017-06-26 21:02,2017-06-26 22:04
135,1,5,60,2017-06-09 03:14,2017-06-09 04:14
136,3,10,45,2017-04-06 08:50,2017-04-06 09:35
137,3,10,31,2017-07-18 17:41,2017-07-18 18:12
138,3,10,22,2017-04-26 16:52,2017-04-26 17:14
139,2,9,89,2017-03-24 11:32,2017-03-24 13:01
140,3,9,49,2017-05-15 08:36,2017-05-15 09:25
141,1,14,32,2017-02-24 02:06,2017-02-24 02:38
142,3,8,23,2017-01-01 02:22,2017-01-01 02:45
143,3,9,27,2017-02-18 22:11,2017-02-18 22:38
144,3,8,44,2017-01-05 14:22,2017-01-05 15:06
145,3,9,8,2017-01-05 11:57,2017-01-05 12:05
146,3,12,32,2017-03-13 05:11,2017-03-13 05:43
147,2,12,87,2017-03-06 21:16,2017-03-06 22:43
148,3,14,6,2017-01-14 02:33,2017-01-14 02:39
149,1,11,15,2017-03-25 17:33,2017-03-25 17:48
150,3,14,34,2017-03-14 03:10,2017-03-14 03:44
151,1,13,37,2017-02-03 11:34,2017-02-03 12:11
152,3,13,38,2017-01-25 16:27,2017-01-25 17:05
153,1,6,2,2017-01-26 14:50,2017-01-26 14:52
154,1,5,87,2017-07-29 21:22,2017-07-29 22:49
155,2,6,73,2017-06-22 20:29,2017-06-22 21:42
156,2,14,57,2017-02-24 22:17,2017-02-24 23:14
157,3,6,22,2017-01-11 00:40,2017-01-11 01:02
158,2,6,35,2017-04-18 04:23,2017-04-18 04:58
159,1,11,23,2017-05-23 11:20,2017-05-23 11:43
160,3,11,27,2017-05-09 01:39,2017-05-09 02:06
161,3,8,60,2017-04-13 23:08,2017-04-14 00:08
162,3,7,68,2017-07-06 23:24,2017-07-07 00:32
163,2,12,63,2017-01-25 23:57,2017-01-26 01:00
164,3,14,23,2017-02-02 10:58,2017-02-02 11:21
165,3,5,90,2017-04-16 00:45,2017-04-16 02:15
166,1,14,29,2017-06-08 06:16,2017-06-08 06:45
167,2,6,70,2017-07-14 04:56,2017-07-14 06:06
168,2,13,44,2017-08-03 05:04,2017-08-03 05:48
169,2,11,7,2017-03-18 22:55,2017-03-18 23:02
170,1,7,71,2017-07-27 12:18,2017-07-27 13:29
171,3,6,19,2017-02-19 04:20,2017-02-19 04:39
172,3,8,29,2017-07-28 16:26,2017-07-28 16:55
173,3,7,8,2017-05-12 09:34,2017-05-12 09:42
174,1,9,85,2017-07-08 10:08,2017-07-08 11:33
175,3,12,79,2017-04-13 17:14,2017-04-13 18:33
176,1,13,9,2017-08-27 10:23,2017-08-27 10:32
177,3,8,47,2017-08-31 12:57,2017-08-31 13:44
178,3,6,67,2017-07-06 19:43,2017-07-06 20:50
179,3,6,19,2017-04-01 15:46,2017-04-01 16:05
180,1,13,24,2017-08-19 23:01,2017-08-19 23:25
181,3,14,54,2017-01-12 21:17,2017-01-12 22:11
182,1,11,60,2017-08-02 11:34,2017-08-02 12:34
183,3,5,61,2017-06-19 19:25,2017-06-19 20:26
184,3,10,11,2017-03-26 20:36,2017-03-26 20:47
185,2,5,5,2017-06-16 19:03,2017-06-16 19:08
186,3,8,10,2017-07-13 20:00,2017-07-13 20:10
187,1,5,31,2017-05-29 17:08,2017-05-29 17:39
188,3,8,68,2017-01-19 03:44,2017-01-19 04:52
189,2,5,30,2017-01-23 22:25,2017-01-23 22:55
190,1,14,46,2017-02-16 11:41,2017-02-16 12:27
191,2,7,57,2017-01-14 19:52,2017-01-14 20:49
192,1,10,51,2017-05-18 23:02,2017-05-18 23:53
193,3,12,14,2017-07-19 02:33,2017-07-19 02:47
194,3,8,59,2017-06-06 09:46,2017-06-06 10:45
195,2,9,67,2017-03-11 06:26,2017-03-11 07:33
196,1,13,70,2017-01-23 00:12,2017-01-23 01:22
197,1,10,13,2017-09-02 18:23,2017-09-02 18:36
198,1,9,9,2017-02-19 07:38,2017-02-19 07:47
199,1,9,27,2017-07-27 11:51,2017-07-27 12:18
200,1,14,59,2017-07-25 22:07,2017-07-25 23:06
201,3,5,86,2017-07-10 09:51,2017-07-10 11:17
202,2,11,61,2017-05-16 08:11,2017-05-16 09:12
203,2,11,37,2017-07-17 21:46,2017-07-17 22:23
204,3,5,54,2017-04-05 17:05,2017-04-05 17:59
205,2,8,14,2017-07-16 10:11,2017-07-16 10:25
206,1,6,27,2017-07-27 16:41,2017-07-27 17:08
207,2,7,12,2017-01-23 00:35,2017-01-23 00:47
208,2,14,90,2017-03-12 08:46,2017-03-12 10:16
209,3,5,31,2017-05-17 15:00,2017-05-17 15:31
210,3,5,13,2017-08-14 00:47,2017-08-14 01:00
211,2,5,75,2017-01-07 00:59,2017-01-07 02:14
212,2,12,23,2017-05-15 14:43,2017-05-15 15:06
213,1,6,53,2017-05-09 13:54,2017-05-09 14:47
214,3,14,81,2017-07-06 21:38,2017-07-06 22:59
215,1,11,11,2017-02-12 15:08,2017-02-12 15:19
216,3,8,15,2017-06-11 17:49,2017-06-11 18:04
217,3,10,85,2017-04-26 09:20,2017-04-26 10:45
218,1,9,74,2017-06-09 07:05,2017-06-09 08:19
219,1,5,78,2017-01-12 22:03,2017-01-12 23:21
220,2,7,3,2017-04-08 19:05,2017-04-08 19:08
221,3,11,53,2017-05-17 23:07,2017-05-18 00:00
222,2,10,16,2017-03-03 12:20,2017-03-03 12:36
223,3,6,42,2017-03-05 19:40,2017-03-05 20:22
224,2,9,57,2017-02-26 04:34,2017-02-26 05:31
225,1,9,50,2017-01-25 02:29,2017-01-25 03:19
226,1,8,54,2017-06-04 01:05,2017-06-04 01:59
227,3,9,72,2017-01-23 00:17,2017-01-23 01:29
228,2,12,44,2017-06-10 10:10,2017-06-10 10:54
229,1,11,74,2017-05-07 07:43,2017-05-07 08:57
230,3,12,37,2017-02-10 18:04,2017-02-10 18:41
231,3,10,23,2017-02-27 13:20,2017-02-27 13:43
232,2,14,4,2017-02-25 16:29,2017-02-25 16:33
233,3,14,13,2017-02-12 18:20,2017-02-12 18:33
234,2,5,11,2017-03-12 05:46,2017-03-12 05:57
235,3,11,12,2017-02-10 13:29,2017-02-10 13:41
236,3,10,33,2017-02-08 04:23,2017-02-08 04:56
237,3,12,81,2017-07-19 18:19,2017-07-19 19:40
238,1,6,86,2017-01-06 22:37,2017-01-07 00:03
239,1,6,18,2017-02-08 19:52,2017-02-08 20:10
240,2,14,90,2017-06-12 21:40,2017-06-12 23:10
241,3,12,49,2017-07-01 02:47,2017-07-01 03:36
242,1,14,28,2017-04-17 07:31,2017-04-17 07:59
243,3,9,80,2017-01-23 02:35,2017-01-23 03:55
244,2,9,73,2017-06-07 16:49,2017-06-07 18:02
245,2,6,77,2017-03-25 11:44,2017-03-25 13:01
246,1,14,18,2017-06-29 13:25,2017-06-29 13:43
247,1,6,29,2017-05-17 20:44,2017-05-17 21:13
248,1,10,32,2017-05-15 12:52,2017-05-15 13:24
249,2,6,53,2017-01-07 19:10,2017-01-07 20:03
250,2,9,89,2017-02-06 23:30,2017-02-07 00:59
251,3,9,76,2017-03-02 12:41,2017-03-02 13:57
252,3,5,76,2017-04-11 11:09,2017-04-11 12:25
253,2,11,66,2017-01-03 11:15,2017-01-03 12:21
254,2,10,68,2017-04-16 03:01,2017-04-16 04:09
255,1,6,77,2017-07-11 15:35,2017-07-11 16:52
256,2,6,49,2017-05-08 00:57,2017-05-08 01:46
257,1,8,70,2017-08-30 14:00,2017-08-30 15:10
258,2,13,50,2017-06-14 05:08,2017-06-14 05:58
259,3,13,51,2017-05-29 14:43,2017-05-29 15:34
260,1,7,3,2017-06-17 12:24,2017-06-17 12:27
261,3,11,9,2017-05-08 23:17,2017-05-08 23:26
262,3,10,33,2017-08-12 15:50,2017-08-12 16:23
263,2,5,65,2017-08-09 11:53,2017-08-09 12:58
264,2,6,30,2017-03-24 07:31,2017-03-24 08:01
265,1,12,8,2017-03-28 09:03,2017-03-28 09:11
266,2,9,63,2017-06-13 00:07,2017-06-13 01:10
267,3,10,22,2017-03-01 15:21,2017-03-01 15:43
268,2,10,70,2017-06-08 15:17,2017-06-08 16:27
269,3,13,53,2017-01-03 11:14,2017-01-03 12:07
270,3,7,89,2017-01-15 07:19,2017-01-15 08:48
271,2,13,55,2017-07-23 08:24,2017-07-23 09:19
272,3,9,86,2017-08-19 16:12,2017-08-19 17:38
273,1,9,52,2017-01-10 02:33,2017-01-10 03:25
274,3,9,56,2017-04-13 20:13,2017-04-13 21:09
275,2,11,48,2017-04-17 05:12,2017-04-17 06:00
276,2,12,5,2017-04-09 04:04,2017-04-09 04:09
277,3,10,48,2017-08-26 00:47,2017-08-26 01:35
278,1,9,63,2017-03-10 06:04,2017-03-10 07:07
279,1,13,31,2017-02-02 15:02,2017-02-02 15:33
280,1,9,36,2017-02-20 02:04,2017-02-20 02:40
281,2,11,84,2017-02-03 13:14,2017-02-03 14:38
282,3,11,40,2017-04-15 18:09,2017-04-15 18:49
283,3,5,20,2017-06-08 16:48,2017-06-08 17:08
284,3,9,31,2017-05-27 12:38,2017-05-27 13:09
285,1,8,40,2017-05-04 02:26,2017-05-04 03:06
286,2,14,32,2017-08-13 03:55,2017-08-13 04:27
287,3,8,28,2017-01-09 08:00,2017-01-09 08:28
288,1,12,41,2017-04-30 20:27,2017-04-30 21:08
289,1,7,77,2017-06-24 18:29,2017-06-24 19:46
290,3,13,51,2017-04-14 04:00,2017-04-14 04:51
291,3,6,19,2017-03-28 17:39,2017-03-28 17:58
292,3,8,22,2017-02-26 20:02,2017-02-26 20:24
293,2,11,81,2017-05-17 06:10,2017-05-17 07:31
294,1,12,77,2017-07-31 20:42,2017-07-31 21:59
295,2,12,22,2017-04-10 15:38,2017-04-10 16:00
296,3,10,61,2017-02-05 01:47,2017-02-05 02:48
297,2,12,82,2017-03-16 13:28,2017-03-16 14:50
298,1,13,63,2017-01-19 06:44,2017-01-19 07:47
299,3,6,76,2017-07-26 01:52,2017-07-26 03:08
300,2,6,10,2017-01-22 23:40,2017-01-22 23:50
301,2,5,38,2017-01-06 07:43,2017-01-06 08:21
302,2,13,72,2017-08-29 16:56,2017-08-29 18:08
303,3,13,39,2017-05-03 01:23,2017-05-03 02:02
304,2,12,65,2017-03-08 23:15,2017-03-09 00:20
305,1,5,67,2017-01-06 08:48,2017-01-06 09:55
306,1,8,29,2017-04-26 12:08,2017-04-26 12:37
307,2,7,26,2017-03-21 05:35,2017-03-21 06:01
308,3,13,17,2017-05-26 15:07,2017-05-26 15:24
309,3,9,73,2017-01-22 14:42,2017-01-22 15:55
310,2,7,2,2017-02-25 10:48,2017-02-25 10:50
311,3,13,12,2017-07-18 19:42,2017-07-18 19:54
312,2,7,82,2017-08-04 06:09,2017-08-04 07:31
313,1,9,65,2017-04-26 09:33,2017-04-26 10:38
314,2,14,9,2017-02-13 03:09,2017-02-13 03:18
315,3,5,63,2017-06-22 23:00,2017-06-23 00:03
316,3,14,7,2017-04-15 13:10,2017-04-15 13:17
317,3,5,80,2017-08-18 13:48,2017-08-18 15:08
318,3,9,32,2017-06-23 20:23,2017-06-23 20:55
319,1,6,34,2017-08-29 11:28,2017-08-29 12:02
320,3,7,61,2017-02-16 17:44,2017-02-16 18:45
321,1,6,28,2017-08-30 00:02,2017-08-30 00:30
322,2,9,3,2017-05-20 00:09,2017-05-20 00:12
323,1,14,51,2017-06-28 22:43,2017-06-28 23:34
324,1,11,14,2017-08-29 19:48,2017-08-29 20:02
325,2,13,87,2017-05-24 00:58,2017-05-24 02:25
326,3,14,13,2017-08-10 18:00,2017-08-10 18:13
327,3,7,81,2017-08-27 19:17,2017-08-27 20:38
328,2,12,11,2017-08-14 02:59,2017-08-14 03:10
329,1,6,38,2017-03-08 15:20,2017-03-08 15:58
330,3,11,66,2017-04-08 06:47,2017-04-08 07:53
331,3,12,58,2017-07-30 19:17,2017-07-30 20:15
332,1,12,80,2017-01-20 00:15,2017-01-20 01:35
333,2,6,10,2017-05-28 06:29,2017-05-28 06:39
334,1,5,41,2017-04-11 01:47,2017-04-11 02:28
335,3,8,82,2017-03-08 15:08,2017-03-08 16:30
336,3,10,75,2017-02-25 07:50,2017-02-25 09:05
337,2,8,51,2017-01-31 08:45,2017-01-31 09:36
338,2,10,15,2017-05-21 22:18,2017-05-21 22:33
339,1,5,32,2017-05-24 12:03,2017-05-24 12:35
340,1,6,87,2017-06-18 20:37,2017-06-18 22:04
341,2,11,69,2017-08-20 15:06,2017-08-20 16:15
342,3,14,81,2017-04-21 03:05,2017-04-21 04:26
343,1,9,34,2017-07-17 13:26,2017-07-17 14:00
344,2,11,66,2017-04-13 01:36,2017-04-13 02:42
345,3,9,21,2017-01-14 08:55,2017-01-14 09:16
346,1,12,50,2017-01-12 09:46,2017-01-12 10:36
347,1,9,15,2017-03-07 07:58,2017-03-07 08:13
348,2,14,50,2017-06-20 04:00,2017-06-20 04:50
349,3,14,60,2017-04-28 19:56,2017-04-28 20:56
350,2,10,81,2017-03-29 11:49,2017-03-29 13:10
351,3,5,77,2017-01-19 07:00,2017-01-19 08:17
352,3,13,78,2017-04-13 15:09,2017-04-13 16:27
353,2,11,18,2017-06-02 22:28,2017-06-02 22:46
354,3,9,88,2017-09-01 11:53,2017-09-01 13:21
355,2,13,63,2017-08-28 16:53,2017-08-28 17:56
356,2,12,67,2017-04-22 13:36,2017-04-22 14:43
357,3,12,82,2017-05-22 11:12,2017-05-22 12:34
358,1,7,59,2017-02-06 05:19,2017-02-06 06:18
359,2,7,61,2017-03-11 08:41,2017-03-11 09:42
360,3,8,38,2017-04-17 13:33,2017-04-17 14:11
361,1,13,78,2017-07-29 01:16,2017-07-29 02:34
362,3,13,58,2017-06-18 05:37,2017-06-18 06:35
363,3,6,83,2017-07-29 03:31,2017-07-29 04:54
364,2,10,80,2017-03-02 20:11,2017-03-02 21:31
365,2,10,40,2017-04-23 12:46,2017-04-23 13:26
366,2,11,65,2017-06-16 09:39,2017-06-16 10:44
367,2,12,15,2017-01-16 03:23,2017-01-16 03:38
368,3,12,54,2017-07-14 15:51,2017-07-14 16:45
369,3,10,87,2017-03-07 18:11,2017-03-07 19:38
370,3,12,87,2017-04-30 03:00,2017-04-30 04:27
371,3,5,51,2017-07-09 02:14,2017-07-09 03:05
372,3,10,28,2017-07-09 03:19,2017-07-09 03:47
373,3,9,38,2017-06-13 03:01,2017-06-13 03:39
374,2,5,40,2017-05-13 06:29,2017-05-13 07:09
375,1,11,66,2017-02-26 15:36,2017-02-26 16:42
376,2,7,69,2017-01-09 09:23,2017-01-09 10:32
377,3,6,51,2017-02-26 17:46,2017-02-26 18:37
378,2,9,38,2017-04-09 18:45,2017-04-09 19:23
379,3,10,36,2017-04-09 14:41,2017-04-09 15:17
380,1,7,76,2017-06-05 19:52,2017-06-05 21:08
381,2,5,20,2017-02-08 03:21,2017-02-08 03:41
382,2,14,65,2017-03-07 21:21,2017-03-07 22:26
383,2,9,70,2017-05-19 10:23,2017-05-19 11:33
384,2,9,48,2017-06-29 01:02,2017-06-29 01:50
385,2,5,72,2017-07-02 14:57,2017-07-02 16:09
386,1,8,57,2017-07-24 03:33,2017-07-24 04:30
387,1,6,71,2017-08-18 05:09,2017-08-18 06:20
388,1,8,88,2017-01-13 17:08,2017-01-13 18:36
389,2,13,65,2017-04-13 07:57,2017-04-13 09:02
390,2,8,40,2017-01-22 19:38,2017-01-22 20:18
391,2,5,9,2017-07-09 22:24,2017-07-09 22:33
392,3,14,39,2017-06-15 06:31,2017-06-15 07:10
393,2,8,81,2017-01-22 14:35,2017-01-22 15:56
394,1,12,69,2017-08-16 22:55,2017-08-17 00:04
395,2,9,40,2017-07-02 15:22,2017-07-02 16:02
396,1,5,72,2017-08-31 23:38,2017-09-01 00:50
397,1,5,56,2017-03-19 04:34,2017-03-19 05:30
398,1,10,44,2017-06-08 18:25,2017-06-08 19:09
399,2,13,32,2017-08-16 11:40,2017-08-16 12:12
400,3,10,10,2017-04-04 23:54,2017-04-05 00:04
401,3,9,55,2017-08-10 09:12,2017-08-10 10:07
402,3,6,87,2017-06-01 09:56,2017-06-01 11:23
403,2,10,81,2017-03-05 13:27,2017-03-05 14:48
404,3,7,75,2017-08-02 21:10,2017-08-02 22:25
405,2,13,63,2017-08-11 00:44,2017-08-11 01:47
406,1,13,46,2017-07-27 07:36,2017-07-27 08:22
407,1,13,88,2017-08-05 17:08,2017-08-05 18:36
408,1,10,70,2017-03-18 10:21,2017-03-18 11:31
409,2,11,45,2017-02-12 07:41,2017-02-12 08:26
410,2,12,18,2017-04-05 18:42,2017-04-05 19:00
411,3,9,57,2017-08-07 16:59,2017-08-07 17:56
412,1,9,72,2017-06-01 15:45,2017-06-01 16:57
413,2,6,69,2017-06-03 14:49,2017-06-03 15:58
414,2,6,62,2017-01-02 17:05,2017-01-02 18:07
415,3,8,76,2017-04-08 12:46,2017-04-08 14:02
416,3,12,36,2017-07-02 22:42,2017-07-02 23:18
417,2,12,37,2017-03-06 01:47,2017-03-06 02:24
418,2,10,15,2017-01-05 02:22,2017-01-05 02:37
419,1,5,15,2017-05-04 05:37,2017-05-04 05:52
420,3,14,28,2017-05-06 05:53,2017-05-06 06:21
421,3,14,81,2017-07-03 14:26,2017-07-03 15:47
422,3,6,22,2017-04-18 19:36,2017-04-18 19:58
423,3,9,5,2017-04-29 20:49,2017-04-29 20:54
424,1,7,8,2017-07-07 02:39,2017-07-07 02:47
425,2,8,7,2017-07-30 03:56,2017-07-30 04:03
426,3,13,32,2017-04-12 16:01,2017-04-12 16:33
427,2,9,82,2017-06-13 23:34,2017-06-14 00:56
428,2,9,42,2017-05-21 15:57,2017-05-21 16:39
429,1,12,76,2017-01-14 15:42,2017-01-14 16:58
430,1,10,77,2017-02-28 06:15,2017-02-28 07:32
431,2,13,43,2017-04-09 03:38,2017-04-09 04:21
432,2,8,86,2017-04-18 14:04,2017-04-18 15:30
433,1,13,11,2017-01-26 21:24,2017-01-26 21:35
434,2,7,81,2017-08-05 22:12,2017-08-05 23:33
435,3,7,81,2017-02-20 10:56,2017-02-20 12:17
436,3,6,88,2017-05-30 05:51,2017-05-30 07:19
437,1,13,58,2017-07-16 16:26,2017-07-16 17:24
438,3,9,46,2017-05-20 02:22,2017-05-20 03:08
439,1,8,50,2017-05-23 11:54,2017-05-23 12:44
440,2,5,7,2017-05-25 13:11,2017-05-25 13:18
441,2,14,56,2017-06-28 10:19,2017-06-28 11:15
442,1,10,73,2017-08-11 20:09,2017-08-11 21:22
443,3,14,69,2017-04-08 11:33,2017-04-08 12:42
444,3,6,58,2017-05-09 01:56,2017-05-09 02:54
445,3,7,78,2017-06-11 16:38,2017-06-11 17:56
446,2,9,54,2017-07-24 20:37,2017-07-24 21:31
447,1,7,36,2017-02-11 02:20,2017-02-11 02:56
448,2,8,83,2017-01-31 02:38,2017-01-31 04:01
449,1,9,77,2017-02-24 18:52,2017-02-24 20:09
450,2,5,45,2017-07-23 02:54,2017-07-23 03:39
451,1,13,70,2017-03-30 23:50,2017-03-31 01:00
452,2,14,87,2017-06-26 04:30,2017-06-26 05:57
453,2,12,61,2017-07-06 06:23,2017-07-06 07:24
454,3,10,41,2017-07-31 19:44,2017-07-31 20:25
455,2,5,60,2017-07-28 15:18,2017-07-28 16:18
456,3,13,72,2017-07-16 06:36,2017-07-16 07:48
457,3,7,15,2017-04-19 12:14,2017-04-19 12:29
458,1,6,89,2017-07-11 08:28,2017-07-11 09:57
459,3,8,26,2017-05-06 18:26,2017-05-06 18:52
460,3,9,45,2017-07-01 03:50,2017-07-01 04:35
461,2,7,3,2017-05-08 13:22,2017-05-08 13:25
462,2,12,58,2017-08-03 21:47,2017-08-03 22:45
463,1,13,26,2017-04-15 09:22,2017-04-15 09:48
464,1,9,85,2017-08-13 04:18,2017-08-13 05:43
465,1,14,54,2017-06-20 21:18,2017-06-20 22:12
466,1,14,8,2017-05-17 06:37,2017-05-17 06:45
467,1,12,50,2017-03-25 18:28,2017-03-25 19:18
468,3,9,54,2017-02-07 01:38,2017-02-07 02:32
469,3,9,38,2017-06-26 01:47,2017-06-26 02:25
470,3,5,52,2017-01-23 06:13,2017-01-23 07:05
471,1,12,14,2017-08-20 13:56,2017-08-20 14:10
472,1,7,41,2017-04-06 14:39,2017-04-06 15:20
473,3,6,65,2017-06-29 18:05,2017-06-29 19:10
474,1,9,43,2017-01-16 11:07,2017-01-16 11:50
475,3,5,47,2017-03-05 03:13,2017-03-05 04:00
476,3,7,49,2017-02-16 19:30,2017-02-16 20:19
477,1,11,83,2017-03-07 08:56,2017-03-07 10:19
478,3,14,56,2017-01-21 04:31,2017-01-21 05:27
479,3,13,5,2017-02-27 11:31,2017-02-27 11:36
480,2,8,5,2017-05-03 12:36,2017-05-03 12:41
481,2,10,21,2017-05-22 10:07,2017-05-22 10:28
482,3,9,78,2017-06-18 00:34,2017-06-18 01:52
483,2,11,69,2017-01-26 07:09,2017-01-26 08:18
484,3,11,81,2017-03-15 03:59,2017-03-15 05:20
485,3,7,70,2017-08-14 12:50,2017-08-14 14:00
486,2,14,16,2017-05-11 00:34,2017-05-11 00:50
487,3,14,5,2017-04-23 20:54,2017-04-23 20:59
488,3,13,39,2017-07-22 09:52,2017-07-22 10:31
489,3,8,65,2017-06-25 23:21,2017-06-26 00:26
490,3,10,84,2017-01-11 04:53,2017-01-11 06:17
491,3,13,83,2017-08-07 09:15,2017-08-07 10:38
492,3,5,9,2017-04-29 20:58,2017-04-29 21:07
493,3,7,45,2017-04-02 09:08,2017-04-02 09:53
494,1,8,18,2017-05-29 23:01,2017-05-29 23:19
495,2,7,84,2017-02-28 13:40,2017-02-28 15:04
496,2,11,87,2017-07-08 05:01,2017-07-08 06:28
497,2,5,48,2017-03-15 19:25,2017-03-15 20:13
498,3,8,47,2017-01-15 21:54,2017-01-15 22:41
499,1,13,29,2017-06-28 18:29,2017-06-28 18:58
500,1,9,6,2017-08-11 13:48,2017-08-11 13:54
501,2,6,25,2017-01-22 06:25,2017-01-22 06:50
502,2,8,42,2017-05-06 18:14,2017-05-06 18:56
503,3,12,19,2017-01-18 16:00,2017-01-18 16:19
504,2,12,59,2017-07-29 08:17,2017-07-29 09:16
505,1,14,6,2017-03-17 12:04,2017-03-17 12:10
506,3,14,59,2017-01-07 05:47,2017-01-07 06:46
507,1,5,90,2017-03-28 22:45,2017-03-29 00:15
508,2,8,60,2017-01-20 10:02,2017-01-20 11:02
509,1,13,51,2017-03-02 02:12,2017-03-02 03:03
510,2,12,12,2017-06-17 18:04,2017-06-17 18:16
511,3,9,66,2017-05-13 17:23,2017-05-13 18:29
512,2,14,2,2017-06-04 17:49,2017-06-04 17:51
513,2,7,9,2017-03-23 10:55,2017-03-23 11:04
514,2,6,57,2017-06-02 22:54,2017-06-02 23:51
515,1,10,36,2017-07-31 09:57,2017-07-31 10:33
516,1,8,67,2017-05-15 22:59,2017-05-16 00:06
517,2,10,16,2017-01-07 07:33,2017-01-07 07:49
518,3,11,5,2017-02-13 21:47,2017-02-13 21:52
519,2,7,84,2017-03-17 01:58,2017-03-17 03:22
520,2,9,20,2017-08-30 11:54,2017-08-30 12:14
521,3,10,57,2017-07-14 08:57,2017-07-14 09:54
522,1,6,5,2017-05-19 03:46,2017-05-19 03:51
523,3,6,35,2017-02-09 16:40,2017-02-09 17:15
524,2,5,15,2017-07-20 12:03,2017-07-20 12:18
525,2,9,23,2017-03-17 01:10,2017-03-17 01:33
526,2,7,2,2017-06-20 08:18,2017-06-20 08:20
527,1,9,44,2017-04-20 04:06,2017-04-20 04:50
528,2,11,39,2017-06-03 15:21,2017-06-03 16:00
529,3,11,12,2017-04-23 01:38,2017-04-23 01:50
530,2,9,2,2017-08-14 22:44,2017-08-14 22:46
531,1,7,29,2017-08-17 13:31,2017-08-17 14:00
532,2,5,53,2017-07-07 05:37,2017-07-07 06:30
533,2,12,76,2017-05-06 18:45,2017-05-06 20:01
534,2,7,58,2017-01-17 07:23,2017-01-17 08:21
535,1,12,46,2017-03-27 07:06,2017-03-27 07:52
536,1,7,21,2017-08-23 05:52,2017-08-23 06:13
537,3,10,26,2017-03-08 04:34,2017-03-08 05:00
538,2,5,71,2017-07-22 09:02,2017-07-22 10:13
539,1,5,30,2017-08-19 15:04,2017-08-19 15:34
540,1,11,47,2017-04-15 19:22,2017-04-15 20:09
541,1,11,2,2017-07-18 21:20,2017-07-18 21:22
542,1,14,39,2017-08-25 00:08,2017-08-25 00:47
543,1,14,58,2017-03-23 16:29,2017-03-23 17:27
544,2,6,55,2017-03-28 19:06,2017-03-28 20:01
545,2,8,74,2017-08-26 04:56,2017-08-26 06:10
546,1,8,68,2017-04-11 05:14,2017-04-11 06:22
547,3,7,35,2017-08-03 04:51,2017-08-03 05:26
548,1,7,72,2017-02-15 22:54,2017-02-16 00:06
549,2,10,3,2017-08-08 09:23,2017-08-08 09:26
550,1,13,70,2017-01-12 17:25,2017-01-12 18:35
551,2,13,49,2017-02-16 14:43,2017-02-16 15:32
552,1,8,83,2017-01-17 12:37,2017-01-17 14:00
553,1,6,41,2017-08-20 09:26,2017-08-20 10:07
554,3,12,31,2017-06-10 22:26,2017-06-10 22:57
555,1,8,27,2017-02-07 22:21,2017-02-07 22:48
556,1,11,46,2017-06-06 09:09,2017-06-06 09:55
557,3,6,41,2017-07-01 06:00,2017-07-01 06:41
558,3,10,33,2017-03-20 02:07,2017-03-20 02:40
559,1,5,58,2017-07-16 22:16,2017-07-16 23:14
560,2,5,22,2017-07-22 10:39,2017-07-22 11:01
561,3,6,28,2017-03-22 07:48,2017-03-22 08:16
562,1,9,4,2017-07-03 15:38,2017-07-03 15:42
563,3,12,55,2017-08-05 18:20,2017-08-05 19:15
564,3,6,76,2017-02-13 08:56,2017-02-13 10:12
565,3,5,35,2017-04-12 16:35,2017-04-12 17:10
566,3,14,73,2017-07-30 09:49,2017-07-30 11:02
567,3,13,62,2017-02-14 05:20,2017-02-14 06:22
568,2,13,6,2017-03-25 04:09,2017-03-25 04:15
569,3,13,68,2017-03-29 08:32,2017-03-29 09:40
570,2,14,7,2017-07-26 08:58,2017-07-26 09:05
571,1,12,79,2017-03-14 11:47,2017-03-14 13:06
572,1,9,55,2017-07-24 17:40,2017-07-24 18:35
573,1,9,9,2017-07-17 13:09,2017-07-17 13:18
574,1,7,41,2017-07-19 17:32,2017-07-19 18:13
575,2,9,14,2017-05-26 05:03,2017-05-26 05:17
576,1,13,90,2017-07-15 22:40,2017-07-16 00:10
577,1,10,90,2017-05-20 06:45,2017-05-20 08:15
578,1,6,10,2017-05-04 14:11,2017-05-04 14:21
579,2,14,19,2017-05-29 07:01,2017-05-29 07:20
580,3,5,51,2017-01-29 19:43,2017-01-29 20:34
581,2,8,7,2017-09-01 15:58,2017-09-01 16:05
582,2,7,63,2017-02-20 13:06,2017-02-20 14:09
583,3,7,78,2017-07-08 18:30,2017-07-08 19:48
584,1,5,79,2017-05-26 03:53,2017-05-26 05:12
585,3,6,5,2017-06-06 06:11,2017-06-06 06:16
586,1,13,27,2017-07-03 16:50,2017-07-03 17:17
587,3,6,67,2017-02-06 03:28,2017-02-06 04:35
588,1,14,70,2017-04-30 02:44,2017-04-30 03:54
589,2,7,40,2017-08-24 14:28,2017-08-24 15:08
590,2,12,63,2017-09-01 20:09,2017-09-01 21:12
591,1,13,64,2017-05-12 11:12,2017-05-12 12:16
592,1,12,85,2017-06-11 21:24,2017-06-11 22:49
593,3,9,85,2017-03-09 19:27,2017-03-09 20:52
594,2,8,54,2017-04-07 03:33,2017-04-07 04:27
595,3,8,64,2017-03-12 19:23,2017-03-12 20:27
596,2,10,9,2017-09-03 12:24,2017-09-03 12:33
597,2,14,56,2017-01-31 06:49,2017-01-31 07:45
598,3,10,20,2017-04-19 11:43,2017-04-19 12:03
599,3,14,56,2017-01-02 21:55,2017-01-02 22:51
600,2,12,30,2017-05-12 18:05,2017-05-12 18:35
601,2,14,3,2017-02-02 21:02,2017-02-02 21:05
602,3,5,56,2017-03-07 01:15,2017-03-07 02:11
603,1,5,63,2017-01-21 00:29,2017-01-21 01:32
604,1,6,78,2017-08-13 00:16,2017-08-13 01:34
605,3,6,80,2017-07-24 04:35,2017-07-24 05:55
606,1,14,29,2017-07-03 13:38,2017-07-03 14:07
607,3,12,64,2017-08-03 10:45,2017-08-03 11:49
608,2,6,19,2017-01-03 06:34,2017-01-03 06:53
609,3,5,71,2017-02-03 23:35,2017-02-04 00:46
610,3,7,84,2017-05-24 23:20,2017-05-25 00:44
611,1,5,40,2017-03-04 15:36,2017-03-04 16:16
612,1,6,19,2017-03-01 12:27,2017-03-01 12:46
613,2,13,20,2017-05-14 20:10,2017-05-14 20:30
614,3,11,22,2017-06-17 13:30,2017-06-17 13:52
615,1,8,7,2017-06-16 13:19,2017-06-16 13:26
616,2,9,22,2017-06-02 22:55,2017-06-02 23:17
617,3,9,76,2017-03-03 09:07,2017-03-03 10:23
618,3,14,73,2017-01-31 00:33,2017-01-31 01:46
619,3,5,6,2017-07-26 04:58,2017-07-26 05:04
620,1,7,22,2017-07-04 22:01,2017-07-04 22:23
621,2,12,3,2017-05-02 10:08,2017-05-02 10:11
622,3,14,31,2017-05-16 16:25,2017-05-16 16:56
623,2,5,86,2017-01-27 07:25,2017-01-27 08:51
624,2,12,22,2017-07-06 07:28,2017-07-06 07:50
625,2,12,3,2017-08-06 11:56,2017-08-06 11:59
626,2,5,68,2017-08-01 01:38,2017-08-01 02:46
627,2,5,34,2017-02-27 21:30,2017-02-27 22:04
628,2,10,72,2017-05-17 21:02,2017-05-17 22:14
629,1,12,12,2017-02-05 20:11,2017-02-05 20:23
630,3,13,34,2017-08-24 09:25,2017-08-24 09:59
631,2,14,54,2017-05-22 22:33,2017-05-22 23:27
632,1,8,76,2017-06-05 02:37,2017-06-05 03:53
633,3,13,9,2017-07-28 17:48,2017-07-28 17:57
634,3,9,29,2017-07-11 12:32,2017-07-11 13:01
635,3,6,45,2017-05-22 14:10,2017-05-22 14:55
636,1,6,10,2017-02-19 01:05,2017-02-19 01:15
637,3,6,22,2017-08-23 08:49,2017-08-23 09:11
638,1,5,29,2017-07-22 04:46,2017-07-22 05:15
639,1,8,72,2017-05-11 01:24,2017-05-11 02:36
640,2,9,27,2017-03-31 15:53,2017-03-31 16:20
641,1,8,80,2017-07-26 13:21,2017-07-26 14:41
642,3,7,79,2017-03-23 03:20,2017-03-23 04:39
643,2,8,35,2017-02-16 12:43,2017-02-16 13:18
644,2,11,53,2017-04-28 09:30,2017-04-28 10:23
645,2,9,78,2017-08-26 23:45,2017-08-27 01:03
646,3,6,8,2017-06-30 14:24,2017-06-30 14:32
647,3,13,62,2017-02-24 02:58,2017-02-24 04:00
648,1,8,82,2017-03-04 20:59,2017-03-04 22:21
649,3,9,68,2017-07-12 01:03,2017-07-12 02:11
650,1,14,18,2017-05-30 14:43,2017-05-30 15:01
651,3,14,73,2017-08-03 00:48,2017-08-03 02:01
652,2,14,40,2017-03-16 04:27,2017-03-16 05:07
653,2,11,42,2017-07-09 15:06,2017-07-09 15:48
654,3,5,60,2017-06-22 23:13,2017-06-23 00:13
655,1,8,75,2017-02-20 03:38,2017-02-20 04:53
656,3,10,52,2017-08-03 09:39,2017-08-03 10:31
657,2,6,11,2017-05-22 12:22,2017-05-22 12:33
658,1,9,53,2017-02-05 15:25,2017-02-05 16:18
659,2,13,39,2017-06-04 13:04,2017-06-04 13:43
660,3,5,85,2017-06-14 15:31,2017-06-14 16:56
661,2,5,38,2017-05-08 07:04,2017-05-08 07:42
662,3,7,54,2017-04-25 11:33,2017-04-25 12:27
663,1,7,47,2017-07-30 17:19,2017-07-30 18:06
664,3,12,4,2017-06-20 02:21,2017-06-20 02:25
665,2,7,21,2017-04-16 05:48,2017-04-16 06:09
666,2,8,15,2017-07-21 18:48,2017-07-21 19:03
667,3,11,30,2017-07-02 11:32,2017-07-02 12:02
668,2,9,88,2017-01-21 19:38,2017-01-21 21:06
669,1,10,61,2017-07-18 18:53,2017-07-18 19:54
670,3,11,34,2017-02-26 23:47,2017-02-27 00:21
671,3,7,10,2017-03-12 18:39,2017-03-12 18:49
672,3,13,71,2017-01-03 16:29,2017-01-03 17:40
673,3,13,9,2017-03-19 03:33,2017-03-19 03:42
674,3,10,46,2017-07-17 16:30,2017-07-17 17:16
675,1,13,85,2017-04-20 07:48,2017-04-20 09:13
676,3,10,84,2017-04-14 18:22,2017-04-14 19:46
677,2,8,55,2017-01-19 03:21,2017-01-19 04:16
678,1,9,62,2017-01-17 20:00,2017-01-17 21:02
679,1,8,90,2017-07-14 21:45,2017-07-14 23:15
680,3,14,26,2017-07-04 03:20,2017-07-04 03:46
681,1,9,65,2017-06-26 23:02,2017-06-27 00:07
682,3,9,29,2017-07-13 19:49,2017-07-13 20:18
683,2,7,60,2017-03-14 20:04,2017-03-14 21:04
684,3,14,68,2017-07-28 20:40,2017-07-28 21:48
685,1,7,24,2017-02-26 19:09,2017-02-26 19:33
686,2,12,45,2017-01-05 13:50,2017-01-05 14:35
687,2,5,72,2017-06-22 20:26,2017-06-22 21:38
688,3,9,28,2017-07-29 03:37,2017-07-29 04:05
689,2,13,29,2017-08-11 16:12,2017-08-11 16:41
690,3,5,53,2017-01-21 23:53,2017-01-22 00:46
691,1,13,10,2017-03-25 21:07,2017-03-25 21:17
692,2,11,48,2017-05-24 03:39,2017-05-24 04:27
693,3,9,52,2017-06-26 09:44,2017-06-26 10:36
694,2,13,33,2017-03-16 17:59,2017-03-16 18:32
695,1,7,41,2017-03-04 21:22,2017-03-04 22:03
696,3,13,54,2017-08-21 08:49,2017-08-21 09:43
697,2,12,60,2017-06-24 18:13,2017-06-24 19:13
698,1,8,60,2017-03-17 03:53,2017-03-17 04:53
699,2,5,66,2017-06-12 20:16,2017-06-12 21:22
700,3,6,90,2017-01-26 13:37,2017-01-26 15:07
701,2,8,46,2017-08-08 18:30,2017-08-08 19:16
702,2,12,60,2017-06-02 15:12,2017-06-02 16:12
703,1,7,66,2017-08-26 11:12,2017-08-26 12:18
704,2,13,70,2017-03-27 14:23,2017-03-27 15:33
705,1,5,32,2017-01-23 04:56,2017-01-23 05:28
706,3,12,30,2017-02-12 00:03,2017-02-12 00:33
707,3,8,54,2017-07-16 22:44,2017-07-16 23:38
708,2,8,37,2017-04-09 04:16,2017-04-09 04:53
709,3,11,64,2017-03-20 10:55,2017-03-20 11:59
710,1,11,30,2017-02-07 11:59,2017-02-07 12:29
711,2,8,26,2017-03-22 14:49,2017-03-22 15:15
712,1,8,19,2017-05-01 02:34,2017-05-01 02:53
713,2,13,36,2017-03-02 03:58,2017-03-02 04:34
714,1,13,18,2017-02-24 01:03,2017-02-24 01:21
715,2,6,87,2017-07-14 06:50,2017-07-14 08:17
716,2,12,50,2017-04-16 04:44,2017-04-16 05:34
717,1,7,28,2017-08-10 11:57,2017-08-10 12:25
718,2,5,39,2017-05-20 16:01,2017-05-20 16:40
719,2,6,24,2017-02-10 14:54,2017-02-10 15:18
720,2,7,17,2017-08-11 18:26,2017-08-11 18:43
721,2,5,7,2017-05-12 21:31,2017-05-12 21:38
722,2,8,59,2017-05-31 10:51,2017-05-31 11:50
723,1,8,67,2017-08-03 21:20,2017-08-03 22:27
724,2,8,73,2017-05-07 22:48,2017-05-08 00:01
725,2,8,50,2017-02-13 09:31,2017-02-13 10:21
726,3,7,3,2017-03-17 21:45,2017-03-17 21:48
727,1,12,19,2017-08-26 02:12,2017-08-26 02:31
728,2,12,78,2017-08-12 02:49,2017-08-12 04:07
729,2,7,83,2017-07-30 19:37,2017-07-30 21:00
730,3,5,28,2017-03-08 11:38,2017-03-08 12:06
731,1,12,27,2017-06-25 16:34,2017-06-25 17:01
732,3,9,70,2017-05-17 02:36,2017-05-17 03:46
733,2,14,47,2017-04-01 18:54,2017-04-01 19:41
734,2,5,25,2017-07-28 05:49,2017-07-28 06:14
735,1,7,16,2017-07-26 20:50,2017-07-26 21:06
736,1,11,72,2017-05-01 21:14,2017-05-01 22:26
737,3,9,42,2017-01-08 23:04,2017-01-08 23:46
738,3,5,23,2017-01-16 07:59,2017-01-16 08:22
739,2,14,63,2017-07-24 20:02,2017-07-24 21:05
740,3,7,15,2017-08-23 02:37,2017-08-23 02:52
741,2,8,73,2017-01-01 13:45,2017-01-01 14:58
742,1,9,19,2017-04-03 00:27,2017-04-03 00:46
743,1,10,40,2017-02-28 20:09,2017-02-28 20:49
744,2,10,8,2017-07-08 20:30,2017-07-08 20:38
745,3,10,54,2017-05-15 10:11,2017-05-15 11:05
746,2,5,58,2017-08-21 15:57,2017-08-21 16:55
747,3,14,14,2017-06-07 14:17,2017-06-07 14:31
748,2,13,29,2017-02-08 14:04,2017-02-08 14:33
749,1,7,20,2017-02-15 21:29,2017-02-15 21:49
750,3,13,87,2017-03-21 07:06,2017-03-21 08:33
751,1,8,69,2017-02-11 10:49,2017-02-11 11:58
752,2,9,81,2017-08-26 01:11,2017-08-26 02:32
753,2,14,31,2017-04-21 13:50,2017-04-21 14:21
754,2,10,15,2017-06-22 18:10,2017-06-22 18:25
755,1,12,4,2017-08-15 06:25,2017-08-15 06:29
756,2,10,13,2017-06-30 17:41,2017-06-30 17:54
757,1,8,40,2017-07-03 02:37,2017-07-03 03:17
758,3,9,47,2017-01-01 04:30,2017-01-01 05:17
759,2,7,78,2017-01-30 09:51,2017-01-30 11:09
760,2,13,69,2017-03-10 21:51,2017-03-10 23:00
761,2,7,26,2017-03-31 08:40,2017-03-31 09:06
762,1,14,47,2017-05-23 22:55,2017-05-23 23:42
763,2,6,28,2017-03-05 06:19,2017-03-05 06:47
764,3,9,72,2017-04-15 03:52,2017-04-15 05:04
765,3,11,23,2017-01-02 16:42,2017-01-02 17:05
766,2,6,13,2017-04-15 22:08,2017-04-15 22:21
767,1,7,89,2017-03-05 03:55,2017-03-05 05:24
768,1,11,62,2017-01-15 00:22,2017-01-15 01:24
769,2,14,72,2017-06-07 11:12,2017-06-07 12:24
770,1,12,22,2017-05-01 00:14,2017-05-01 00:36
771,2,11,48,2017-04-01 01:46,2017-04-01 02:34
772,2,10,58,2017-05-21 19:21,2017-05-21 20:19
773,2,11,51,2017-07-15 09:44,2017-07-15 10:35
774,1,8,4,2017-04-02 06:25,2017-04-02 06:29
775,3,6,10,2017-01-19 05:51,2017-01-19 06:01
776,3,6,28,2017-07-18 15:49,2017-07-18 16:17
777,1,10,79,2017-08-09 11:09,2017-08-09 12:28
778,2,10,41,2017-04-26 05:07,2017-04-26 05:48
779,3,6,64,2017-06-14 05:41,2017-06-14 06:45
780,3,13,63,2017-08-16 10:20,2017-08-16 11:23
781,3,14,44,2017-01-07 01:29,2017-01-07 02:13
782,1,13,45,2017-03-20 12:38,2017-03-20 13:23
783,1,11,15,2017-03-27 06:24,2017-03-27 06:39
784,2,7,32,2017-07-14 21:55,2017-07-14 22:27
785,2,6,77,2017-03-24 01:40,2017-03-24 02:57
786,1,9,89,2017-06-09 04:11,2017-06-09 05:40
787,2,7,77,2017-05-01 04:45,2017-05-01 06:02
788,2,11,40,2017-02-04 01:19,2017-02-04 01:59
789,1,6,2,2017-09-01 13:38,2017-09-01 13:40
790,2,12,69,2017-07-12 06:38,2017-07-12 07:47
791,2,7,85,2017-04-12 08:49,2017-04-12 10:14
792,1,6,58,2017-02-27 12:56,2017-02-27 13:54
793,2,10,38,2017-03-01 02:40,2017-03-01 03:18
794,2,12,61,2017-04-26 21:09,2017-04-26 22:10
795,1,5,52,2017-09-03 18:54,2017-09-03 19:46
796,1,12,39,2017-07-28 01:04,2017-07-28 01:43
797,3,11,60,2017-04-13 20:19,2017-04-13 21:19
798,2,13,53,2017-05-09 15:20,2017-05-09 16:13
799,1,13,79,2017-08-18 01:47,2017-08-18 03:06
800,2,6,60,2017-01-11 09:10,2017-01-11 10:10
801,1,7,4,2017-05-06 14:55,2017-05-06 14:59
802,3,10,30,2017-06-03 16:23,2017-06-03 16:53
803,1,7,23,2017-04-01 08:00,2017-04-01 08:23
804,2,5,79,2017-01-16 15:21,2017-01-16 16:40
805,2,14,21,2017-03-12 10:13,2017-03-12 10:34
806,2,12,35,2017-08-18 23:17,2017-08-18 23:52
807,3,7,51,2017-08-05 18:35,2017-08-05 19:26
808,3,5,58,2017-07-22 08:02,2017-07-22 09:00
809,1,9,33,2017-07-13 09:07,2017-07-13 09:40
810,2,5,57,2017-04-11 23:26,2017-04-12 00:23
811,1,11,52,2017-09-03 02:29,2017-09-03 03:21
812,2,6,46,2017-01-15 07:34,2017-01-15 08:20
813,3,12,79,2017-05-22 06:59,2017-05-22 08:18
814,3,14,83,2017-04-15 20:33,2017-04-15 21:56
815,3,10,63,2017-01-27 14:31,2017-01-27 15:34
816,1,5,50,2017-03-09 13:20,2017-03-09 14:10
817,2,9,83,2017-04-17 09:08,2017-04-17 10:31
818,2,14,62,2017-06-27 20:58,2017-06-27 22:00
819,1,5,77,2017-03-20 15:41,2017-03-20 16:58
820,3,7,76,2017-04-04 09:26,2017-04-04 10:42
821,1,11,41,2017-01-18 13:46,2017-01-18 14:27
822,1,11,34,2017-05-10 18:40,2017-05-10 19:14
823,1,10,68,2017-01-18 21:36,2017-01-18 22:44
824,2,14,54,2017-07-07 08:30,2017-07-07 09:24
825,3,10,22,2017-07-20 16:47,2017-07-20 17:09
826,2,8,48,2017-04-09 01:41,2017-04-09 02:29
827,2,10,33,2017-03-26 22:53,2017-03-26 23:26
828,3,6,57,2017-08-06 07:28,2017-08-06 08:25
829,3,13,26,2017-02-10 01:41,2017-02-10 02:07
830,3,12,43,2017-08-12 16:53,2017-08-12 17:36
831,3,10,54,2017-08-18 03:36,2017-08-18 04:30
832,2,14,28,2017-07-09 03:45,2017-07-09 04:13
833,1,9,15,2017-03-20 16:56,2017-03-20 17:11
834,2,8,75,2017-01-27 18:52,2017-01-27 20:07
835,2,13,57,2017-06-04 11:41,2017-06-04 12:38
836,1,5,73,2017-02-19 15:42,2017-02-19 16:55
837,1,7,9,2017-06-21 20:19,2017-06-21 20:28
838,1,10,52,2017-05-16 02:05,2017-05-16 02:57
839,2,8,72,2017-02-02 20:13,2017-02-02 21:25
840,3,11,11,2017-05-28 04:00,2017-05-28 04:11
841,3,14,55,2017-02-18 14:02,2017-02-18 14:57
842,3,14,41,2017-01-24 17:25,2017-01-24 18:06
843,3,8,13,2017-05-29 20:25,2017-05-29 20:38
844,3,5,45,2017-01-17 11:52,2017-01-17 12:37
845,1,13,68,2017-06-07 06:17,2017-06-07 07:25
846,3,7,44,2017-07-05 07:10,2017-07-05 07:54
847,2,6,68,2017-05-04 01:35,2017-05-04 02:43
848,1,10,6,2017-04-18 23:29,2017-04-18 23:35
849,2,14,32,2017-08-13 11:28,2017-08-13 12:00
850,2,6,61,2017-05-12 14:58,2017-05-12 15:59
851,1,8,80,2017-03-24 21:51,2017-03-24 23:11
852,2,10,61,2017-08-30 05:19,2017-08-30 06:20
853,3,7,35,2017-06-07 03:37,2017-06-07 04:12
854,3,6,58,2017-04-25 07:06,2017-04-25 08:04
855,2,13,73,2017-09-01 22:54,2017-09-02 00:07
856,2,13,47,2017-05-30 02:10,2017-05-30 02:57
857,3,5,75,2017-04-11 21:46,2017-04-11 23:01
858,2,10,7,2017-03-02 04:28,2017-03-02 04:35
859,3,7,71,2017-06-23 08:21,2017-06-23 09:32
860,3,12,37,2017-04-02 09:38,2017-04-02 10:15
861,3,12,86,2017-05-09 04:13,2017-05-09 05:39
862,2,5,12,2017-02-06 16:12,2017-02-06 16:24
863,2,7,84,2017-03-30 21:42,2017-03-30 23:06
864,3,9,37,2017-08-07 08:04,2017-08-07 08:41
865,3,5,60,2017-06-30 13:20,2017-06-30 14:20
866,1,9,2,2017-07-28 20:34,2017-07-28 20:36
867,3,14,61,2017-08-22 01:23,2017-08-22 02:24
868,1,8,66,2017-04-18 17:40,2017-04-18 18:46
869,1,10,15,2017-08-29 08:13,2017-08-29 08:28
870,1,10,33,2017-07-07 23:11,2017-07-07 23:44
871,1,6,22,2017-04-14 23:18,2017-04-14 23:40
872,2,7,19,2017-04-17 15:49,2017-04-17 16:08
873,1,13,45,2017-03-15 20:07,2017-03-15 20:52
874,2,6,18,2017-06-01 17:53,2017-06-01 18:11
875,3,13,70,2017-02-04 08:44,2017-02-04 09:54
876,2,13,2,2017-03-27 10:12,2017-03-27 10:14
877,2,10,54,2017-07-20 05:10,2017-07-20 06:04
878,3,12,48,2017-04-29 22:54,2017-04-29 23:42
879,1,11,34,2017-04-20 07:06,2017-04-20 07:40
880,2,13,4,2017-04-29 01:43,2017-04-29 01:47
881,1,9,24,2017-03-27 13:44,2017-03-27 14:08
882,2,11,74,2017-01-19 07:16,2017-01-19 08:30
883,2,8,2,2017-01-12 08:27,2017-01-12 08:29
884,2,6,6,2017-08-23 08:54,2017-08-23 09:00
885,3,14,27,2017-01-26 18:11,2017-01-26 18:38
886,2,14,59,2017-08-01 05:23,2017-08-01 06:22
887,3,13,42,2017-04-09 13:16,2017-04-09 13:58
888,2,8,88,2017-07-28 00:37,2017-07-28 02:05
889,1,10,18,2017-05-05 08:30,2017-05-05 08:48
890,1,13,49,2017-03-06 11:34,2017-03-06 12:23
891,1,10,46,2017-03-16 06:19,2017-03-16 07:05
892,2,11,34,2017-05-22 05:02,2017-05-22 05:36
893,1,14,3,2017-07-16 23:55,2017-07-16 23:58
894,2,11,57,2017-02-25 12:14,2017-02-25 13:11
895,2,5,16,2017-02-14 18:16,2017-02-14 18:32
896,2,8,41,2017-05-10 09:31,2017-05-10 10:12
897,1,14,84,2017-06-30 07:52,2017-06-30 09:16
898,3,9,34,2017-07-23 03:41,2017-07-23 04:15
899,1,11,59,2017-08-28 16:15,2017-08-28 17:14
900,2,13,34,2017-07-18 20:39,2017-07-18 21:13
901,3,13,28,2017-06-03 11:52,2017-06-03 12:20
902,1,12,8,2017-08-29 02:15,2017-08-29 02:23
903,1,11,65,2017-05-27 16:53,2017-05-27 17:58
904,3,14,23,2017-05-15 12:28,2017-05-15 12:51
905,3,11,76,2017-03-16 11:47,2017-03-16 13:03
906,3,7,84,2017-03-14 23:56,2017-03-15 01:20
907,3,9,48,2017-01-13 02:21,2017-01-13 03:09
908,2,6,52,2017-06-07 19:46,2017-06-07 20:38
909,2,8,32,2017-02-08 07:21,2017-02-08 07:53
910,1,12,9,2017-02-09 05:56,2017-02-09 06:05
911,3,5,59,2017-04-13 13:37,2017-04-13 14:36
912,3,13,86,2017-07-14 10:07,2017-07-14 11:33
913,3,11,10,2017-08-17 01:00,2017-08-17 01:10
914,2,6,70,2017-05-05 06:50,2017-05-05 08:00
915,3,6,90,2017-08-31 09:33,2017-08-31 11:03
916,2,7,75,2017-01-11 19:59,2017-01-11 21:14
917,2,9,33,2017-08-30 17:31,2017-08-30 18:04
918,2,12,32,2017-01-28 07:41,2017-01-28 08:13
919,1,14,68,2017-03-31 19:45,2017-03-31 20:53
920,2,7,57,2017-07-05 06:03,2017-07-05 07:00
921,3,9,34,2017-04-20 08:45,2017-04-20 09:19
922,3,11,18,2017-02-17 21:34,2017-02-17 21:52
923,2,13,4,2017-05-06 07:10,2017-05-06 07:14
924,3,5,42,2017-05-19 12:56,2017-05-19 13:38
925,3,5,19,2017-02-17 11:56,2017-02-17 12:15
926,3,9,66,2017-07-20 19:23,2017-07-20 20:29
927,1,5,33,2017-04-06 01:04,2017-04-06 01:37
928,1,9,90,2017-04-16 12:33,2017-04-16 14:03
929,1,12,69,2017-03-24 09:43,2017-03-24 10:52
930,2,11,36,2017-06-05 13:04,2017-06-05 13:40
931,3,8,42,2017-03-30 10:38,2017-03-30 11:20
932,3,5,14,2017-02-25 11:13,2017-02-25 11:27
933,1,5,85,2017-08-22 16:20,2017-08-22 17:45
934,3,10,47,2017-01-24 18:11,2017-01-24 18:58
935,1,5,76,2017-04-08 12:01,2017-04-08 13:17
936,1,14,78,2017-04-30 20:07,2017-04-30 21:25
937,1,12,17,2017-03-16 06:01,2017-03-16 06:18
938,1,5,12,2017-06-20 15:38,2017-06-20 15:50
939,2,9,59,2017-01-23 20:29,2017-01-23 21:28
940,2,7,22,2017-02-02 16:52,2017-02-02 17:14
941,3,11,36,2017-06-18 21:52,2017-06-18 22:28
942,3,5,45,2017-04-06 22:42,2017-04-06 23:27
943,2,10,2,2017-06-21 02:22,2017-06-21 02:24
944,2,11,90,2017-08-09 02:29,2017-08-09 03:59
945,2,8,36,2017-09-01 04:11,2017-09-01 04:47
946,3,7,80,2017-04-10 05:23,2017-04-10 06:43
947,1,13,83,2017-07-07 01:14,2017-07-07 02:37
948,1,10,26,2017-05-03 22:49,2017-05-03 23:15
949,1,9,70,2017-08-12 00:35,2017-08-12 01:45
950,2,14,13,2017-05-17 13:58,2017-05-17 14:11
951,2,13,48,2017-09-02 17:01,2017-09-02 17:49
952,3,13,22,2017-07-27 18:00,2017-07-27 18:22
953,3,8,46,2017-08-06 06:41,2017-08-06 07:27
954,2,7,77,2017-04-14 08:20,2017-04-14 09:37
955,1,9,59,2017-04-05 18:11,2017-04-05 19:10
956,3,11,30,2017-05-24 18:38,2017-05-24 19:08
957,3,10,32,2017-04-18 04:12,2017-04-18 04:44
958,1,12,78,2017-06-12 16:55,2017-06-12 18:13
959,2,14,56,2017-05-11 12:33,2017-05-11 13:29
960,2,14,45,2017-04-20 21:41,2017-04-20 22:26
961,2,6,13,2017-02-03 19:43,2017-02-03 19:56
962,1,14,12,2017-05-13 02:47,2017-05-13 02:59
963,3,6,67,2017-07-22 23:10,2017-07-23 00:17
964,2,12,25,2017-07-16 08:21,2017-07-16 08:46
965,2,8,82,2017-02-24 03:17,2017-02-24 04:39
966,1,6,10,2017-01-07 00:49,2017-01-07 00:59
967,1,10,79,2017-02-17 16:22,2017-02-17 17:41
968,3,10,70,2017-08-18 19:10,2017-08-18 20:20
969,2,6,65,2017-03-31 09:04,2017-03-31 10:09
970,1,12,76,2017-02-06 15:36,2017-02-06 16:52
971,2,12,70,2017-05-11 12:50,2017-05-11 14:00
972,1,9,88,2017-01-04 15:40,2017-01-04 17:08
973,3,7,49,2017-08-26 23:09,2017-08-26 23:58
974,3,14,87,2017-07-19 19:33,2017-07-19 21:00
975,3,11,43,2017-07-07 04:45,2017-07-07 05:28
976,1,11,88,2017-03-19 22:43,2017-03-20 00:11
977,3,8,32,2017-08-02 11:35,2017-08-02 12:07
978,2,9,58,2017-07-22 21:22,2017-07-22 22:20
979,1,5,58,2017-06-25 17:44,2017-06-25 18:42
980,1,8,32,2017-07-19 10:50,2017-07-19 11:22
981,1,11,76,2017-04-26 07:42,2017-04-26 08:58
982,3,7,81,2017-01-28 02:39,2017-01-28 04:00
983,1,7,70,2017-03-25 17:19,2017-03-25 18:29
984,2,5,73,2017-07-04 07:58,2017-07-04 09:11
985,2,11,57,2017-04-20 05:22,2017-04-20 06:19
986,2,7,57,2017-03-14 07:45,2017-03-14 08:42
987,2,11,17,2017-06-10 03:02,2017-06-10 03:19
988,3,10,65,2017-05-29 12:40,2017-05-29 13:45
989,1,10,45,2017-04-09 06:31,2017-04-09 07:16
990,2,13,80,2017-05-20 04:25,2017-05-20 05:45
991,3,13,54,2017-04-24 15:26,2017-04-24 16:20
992,3,12,81,2017-02-13 22:42,2017-02-14 00:03
993,3,7,74,2017-03-13 10:35,2017-03-13 11:49
994,1,10,50,2017-01-06 13:03,2017-01-06 13:53
995,3,14,47,2017-05-19 02:11,2017-05-19 02:58
996,1,7,89,2017-01-15 20:36,2017-01-15 22:05
997,3,14,52,2017-06-05 00:08,2017-06-05 01:00
998,2,8,67,2017-07-20 08:47,2017-07-20 09:54
999,3,13,85,2017-03-11 07:32,2017-03-11 08:57
1000,3,13,54,2017-04-09 14:18,2017-04-09 15:12
